variant,mutations,kcat_s1,kcat_se,km_mM,km_se,kcat_km_mM1s1,kcat_km_se,ki_mM,growth_rate_h1,growth_rate_sd,titer_48h_mgL,titer_sd,kobs_s1,kobs_se,source
WT,,0.15,0.01,2.3,0.2,0.066,0.007,18,0.39,0.02,475,40,0.02,0.01,Kang2017_Table2+Table3
Y19H,Y19H,0.27,0.01,0.35,0.02,0.78,0.06,,0.22,0.01,388,9,,,Kang2017_Table2
K22M,K22M,0.09,,2.47,,0.036,,,,,,,,,Kang2016_Table2
K22Y,K22Y,0.09,0.01,1.3,0.3,0.12,0.03,,0.13,0.11,22,8,,,Kang2017_Table2
R74G,R74G,0.14,0.02,3.4,1.0,0.04,0.01,110,0.81,0.03,975,96,0.07,0.04,Kang2017_Table2+Table3
R74H,R74H,0.33,0.03,0.75,0.05,0.44,0.05,,0.68,0.04,770,263,,,Kang2017_Table2
I145A,I145A,0.029,0.004,2,1,0.01,0.01,,0.17,0.00,623,140,,,Kang2017_Table2
I145F,I145F,0.28,,1.36,,0.21,,,,,,,,,Kang2016_Table2
R147K,R147K,0.149,0.006,0.5,0.1,0.32,0.09,,0.56,0.02,793,22,,,Kang2017_Table2
S186C,S186C,0.07,0.01,0.8,0.2,0.08,0.02,,0.30,0.02,596,110,,,Kang2017_Table2
S208E,S208E,,,,,,,,,,,,,,Kang2017_inactive_control
T209D,T209D,0.13,,0.99,,0.13,,,,,,,,,Kang2016_Table2
M212Q,M212Q,0.35,0.02,0.7,0.2,0.5,0.1,,0.09,0.01,601,76,,,Kang2017_Table2
I226V,I226V,0.16,0.01,0.34,0.06,0.46,0.09,,0.35,0.01,633,53,,,Kang2017_Table2
V230E,V230E,0.07,0.01,0.8,0.2,0.08,0.02,10,0.21,0.18,278,91,0.006,0.004,Kang2017_Table2+Table3
R74G-R147K,R74G+R147K,0.22,0.01,0.53,0.05,0.42,0.05,,0.84,0.04,909,25,,,Kang2017_Table2
R74H-R147K-M212Q,R74H+R147K+M212Q,0.16,0.02,0.4,0.2,0.4,0.1,80,0.79,0.03,1079,27,0.07,0.03,Kang2017_Table2+Table3
R74G-R147K-M212Q,R74G+R147K+M212Q,0.22,0.04,0.5,0.1,0.5,0.2,11,,,8,1,0.022,0.008,Kang2017_Table2+Table3
R74G-R147K-Q140L,R74G+R147K+Q140L,0.06,0.01,2,1,0.03,0.02,,,,401,10,,,Kang2017_Table2
